"speaker","text"
"user","I want to create a Pokédex application using React."
"LLM","Great! I can help with that. What features would you like to include?"
"user","I want a list view, a gallery view, and a detail view for each Pokémon."
"LLM","```typescript
// src/ListView.tsx
import React from 'react';

const ListView: React.FC = () => {
  return <div>ListView</div>;
};

export default ListView;
```"
"LLM","```typescript
// src/GalleryView.tsx
import React from 'react';

const GalleryView: React.FC = () => {
  return <div>GalleryView</div>;
};

export default GalleryView;
```"
"LLM","```typescript
// src/DetailView.tsx
import React from 'react';

const DetailView: React.FC = () => {
  return <div>DetailView</div>;
};

export default DetailView;
```"
"user","Looks good. Now, let's fetch the Pokémon data from the PokéAPI."
"LLM","Okay. I'll use `axios` to fetch the data. First, I'll install it."
"LLM","```bash
npm install axios
```"
"LLM","Now, I'll update the `ListView.tsx` component to fetch and display a list of Pokémon."
"LLM","```typescript
// src/ListView.tsx
import React, { useState, useEffect } from 'react';
import axios from 'axios';
import { Link } from 'react-router-dom';

interface Pokemon {
  id: number;
  name: string;
  url: string;
}

const ListView: React.FC = () => {
  const [pokemon, setPokemon] = useState<Pokemon[]>([]);
  const [loading, setLoading] = useState(true);

  useEffect(() => {
    const fetchPokemon = async () => {
      const pokemonPromises = [];
      for (let i = 1; i <= 151; i++) {
        pokemonPromises.push(axios.get(`https://pokeapi.co/api/v2/pokemon/${i}`));
      }
      const pokemonResponses = await axios.all(pokemonPromises);
      const pokemonData = pokemonResponses.map(res => res.data);
      setPokemon(pokemonData);
      setLoading(false);
    };

    fetchPokemon();
  }, []);

  if (loading) {
    return <div>Loading...</div>;
  }

  return (
    <div>
      <h2>Pokémon List</h2>
      <ul>
        {pokemon.map(p => (
          <li key={p.name}>
            <Link to={`/pokemon/${p.id}`}>{p.name}</Link>
          </li>
        ))}
      </ul>
    </div>
  );
};

export default ListView;
```"
"user","Let's add some styling to make it look nice."
"LLM","I'll create a new file `src/App.css` and add some basic styles."
"LLM","```css
/* src/App.css */
/* General Styles */
body {
  font-family: -apple-system, BlinkMacSystemFont, 'Segoe UI', Roboto, 'Helvetica Neue', Arial, sans-serif;
  margin: 0;
  background-color: #f0f2f5;
  color: #333;
}

.App {
  max-width: 1200px;
  margin: 0 auto;
  padding: 2rem;
}
```"
"user","Now, let's add the routing between the different views."
"LLM","I'll use `react-router-dom` for routing. First, I'll install it."
"LLM","```bash
npm install react-router-dom @types/react-router-dom
```"
"LLM","Now, I'll update `src/App.tsx` to set up the routes."
"LLM","```typescript
// src/App.tsx
import React from 'react';
import { BrowserRouter as Router, Routes, Route, Link } from 'react-router-dom';
import ListView from './ListView';
import GalleryView from './GalleryView';
import DetailView from './DetailView';
import './App.css';

function App() {
  return (
    <Router basename=""/mp2"">
      <div className=""App"">
        <nav>
          <ul>
            <li>
              <Link to=""/"">List</Link>
            </li>
            <li>
              <Link to=""/gallery"">Gallery</Link>
            </li>
          </ul>
        </nav>
        <Routes>
          <Route path=""/"" element={<ListView />} />
          <Route path=""/gallery"" element={<GalleryView />} />
          <Route path=""/pokemon/:id"" element={<DetailView />} />
        </Routes>
      </div>
    </Router>
  );
}

export default App;
```"
"user","Let's add search and sort functionality to the list view."
"LLM","Okay, I'll add a search input and sort buttons to `ListView.tsx`."
"LLM","```typescript
// src/ListView.tsx
// ... (previous code)

const ListView: React.FC = () => {
  // ... (previous code)
  const [searchTerm, setSearchTerm] = useState('');
  const [sortProperty, setSortProperty] = useState<keyof Pokemon>('name');
  const [sortOrder, setSortOrder] = useState('asc');

  // ... (previous code)

  const handleSort = (property: keyof Pokemon) => {
    if (property === sortProperty) {
      setSortOrder(sortOrder === 'asc' ? 'desc' : 'asc');
    } else {
      setSortProperty(property);
      setSortOrder('asc');
    }
  };

  const sortedPokemon = [...pokemon].sort((a, b) => {
    // ... (sorting logic)
  });

  const filteredPokemon = sortedPokemon.filter(p =>
    p.name.toLowerCase().includes(searchTerm.toLowerCase())
  );

  // ... (previous code)

  return (
    <div>
      <h2>Pokémon List</h2>
      <input
        type=""text""
        placeholder=""Search Pokémon""
        value={searchTerm}
        onChange={e => setSearchTerm(e.target.value)}
      />
      <div>
        <button onClick={() => handleSort('name')}>
          Sort by Name {sortProperty === 'name' && (sortOrder === 'asc' ? '▲' : '▼')}
        </button>
        {/* ... (other sort buttons) */}
      </div>
      <ul>
        {filteredPokemon.map(p => (
          <li key={p.name}>
            <Link to={`/pokemon/${p.id}`}>{p.name}</Link>
          </li>
        ))}
      </ul>
    </div>
  );
};

export default ListView;
```"
"user","Let's add filtering by type to the gallery view."
"LLM","I'll update `GalleryView.tsx` to fetch Pokémon types and add filter buttons."
"LLM","```typescript
// src/GalleryView.tsx
// ... (previous code)

const GalleryView: React.FC = () => {
  // ... (previous code)
  const [types, setTypes] = useState<Type[]>([]);
  const [selectedType, setSelectedType] = useState<string | null>(null);

  useEffect(() => {
    const fetchPokemon = async () => {
      const typesResponse = await axios.get('https://pokeapi.co/api/v2/type');
      setTypes(typesResponse.data.results);
      // ... (fetch pokemon)
    };

    fetchPokemon();
  }, []);

  const filteredPokemon = selectedType
    ? pokemon.filter(p => p.types.some(t => t.type.name === selectedType))
    : pokemon;

  // ... (previous code)

  return (
    <div>
      <h2>Pokémon Gallery</h2>
      <div>
        <button onClick={() => setSelectedType(null)}>All</button>
        {types.map(t => (
          <button key={t.name} onClick={() => setSelectedType(t.name)}>
            {t.name}
          </button>
        ))}
      </div>
      <div className=""gallery-container"">
        {filteredPokemon.map(p => (
          <Link key={p.id} to={`/pokemon/${p.id}`} className=""gallery-item"">
            <img src={p.sprites.front_default} alt={p.name} />
            <p>{p.name}</p>
          </Link>
        ))}
      </div>
    </div>
  );
};

export default GalleryView;
```"
